participantId	groupId	visitId	env1_1	env1_2	env1_3	env2_1	env2_2	env2_3	gag1	gag2	gag3	int1	int2	int3	mock1	mock2	mock3	nef1	nef2	nef3	RT1	RT2	RT3
R08	F	1	9	11	8	5	8	6	9	6	4	14	19	13	3	2	1	11	22	11	6	14	12
R09	E	1	2	4	5	4	2	0	0	1	3	0	0	0	1	0	0	0	0	0	1	0	1
R10	F	1	313	381	384	8	13	11	0	4	5	2	13	7	0	0	0	2	2	3	17	23	20
R11	E	1	13	8	25	10	8	22	4	9	7	17	13	17	0	7	0	4	10	5	2	7	2
R12	J	1	8	16	7	16	16	28	9	11	11	3	5	1	0	0	2	2	4	7	23	32	39
R14	J	1	47	58	58	20	27	28	11	9	15	11	23	16	0	0	6	9	10	9	25	31	20
R17	B	1	1	3	4	0	2	0	1	2	4	1	0	1	0	1	0	0	2	0	1	1	0
R19	B	1	2	1	0	0	1	2	1	0	0	0	0	0	0	0	0	0	0	0	1	3	0
R24	K	1	6	11	20	18	19	27	16	19	18	2	3	4	0	0	0	2	4	4	13	21	13
R26	K	1	17	0	24	37	53	51	14	19	14	7	21	12	0	1	0	7	70	6	63	129	97
R37	D	1	0	0	0	1	0	1	0	0	0	2	0	2	0	0	0	0	0	0	0	0	0
R38	H	1	1	3	1	2	0	0	0	0	0	2	1	0	0	2	0	0	0	6	2	1	1
R40	C	1	0	0	0	0	0	0	0	0	0	0	0	0	0	0	0	0	0	0	0	0	0
R42	C	1	26	41	67	90	133	201	1	6	8	1	5	5	0	0	1	0	1	1	4	6	10
R498	A	1	2	5	7	0	0	0	2	7	4	0	0	0	0	0	0	4	2	0	0	0	0
R499	J	1	1	1	4	0	5	0	2	0	1	0	1	7	0	0	2	1	2	0	0	2	0
R500	J	1	4	2	5	24	9	26	5	8	6	7	12	10	1	0	1	2	4	2	21	18	15
R501	M	1	4	0	2	3	7	4	2	1	4	3	0	3	1	0	2	3	1	0	2	4	1
R502	B	1	10	5	24	10	2	9	1	2	1	15	11	6	0	5	1	0	7	1	6	6	1
R503	M	1	4	4	8	2	2	5	10	17	15	1	1	1	0	0	1	3	4	4	4	2	0
R504	L	1	5	2	14	5	4	1	2	5	3	4	1	0	0	2	0	0	0	5	3	1	4
R505	M	1	1	8	0	0	17	4	0	8	1	1	2	4	0	0	0	1	3	0	0	0	0
R506	H	1	3	2	2	1	1	0	0	0	4	0	0	0	0	2	5	1	3	1	0	0	1
R507	G	1	7	7	20	3	9	10	18	4	39	1	3	3	6	10	7	10	3	3	3	7	1
R508	D	1	2	2	6	5	10	8	20	16	20	25	30	41	0	3	3	14	16	20	0	2	8
R509	A	1	13	8	9	12	34	15	10	9	12	5	13	8	1	3	12	10	4	3	6	9	9
R56	E	1	17	25	11	214	205	200	44	53	48	2	3	5	0	0	0	9	9	5	13	32	15
R58	G	1	3	3	3	0	0	1	2	0	0	0	0	0	0	0	0	1	0	0	0	0	0
R59	G	1	6	4	1	1	2	1	1	1	3	5	0	1	1	2	0	0	0	0	1	4	1
R61	M	1	30	38	41	102	90	105	83	118	95	23	23	38	0	0	1	76	100	116	56	73	48
R62	M	1	22	50	51	66	95	113	62	46	49	12	11	13	0	0	1	1	4	3	14	10	15
R63	M	1	3	12	4	2	3	2	4	5	3	1	2	4	0	0	0	2	2	3	6	13	11
R64	D	1	124	159	163	109	137	168	90	132	105	24	26	21	0	0	0	63	64	65	16	18	15
R65	M	1	0	1	1	0	2	2	0	0	1	0	0	0	0	0	0	0	0	0	0	0	0
R67	I	1	1	0	3	6	5	4	11	14	5	1	0	8	3	13	0	0	2	2	7	11	9
R69	D	1	4	2	1	6	4	7	2	10	4	1	2	1	0	0	0	3	2	1	7	2	4
R70	G	1	0	0	0	0	1	1	1	0	0	0	0	0	0	0	0	1	0	0	0	1	0
R71	F	1	0	0	0	0	0	0	0	0	0	0	0	0	0	0	1	0	0	0	0	0	0
R72	B	1	2	1	0	0	1	2	0	2	0	0	0	1	0	0	0	5	5	8	3	2	7
R73	E	1	30	29	23	28	16	16	3	5	5	2	2	2	0	0	0	13	2	0	8	15	16
R74	K	1	14	17	9	1	3	2	4	9	5	4	6	3	0	2	1	22	28	24	0	4	1
R75	L	1	55	48	33	71	64	72	41	44	59	9	10	8	0	0	0	123	153	132	29	51	47
R76	A	1	1	3	0	0	2	1	0	0	0	0	0	0	1	0	0	0	0	0	1	0	0
R77	A	1	0	1	1	0	0	0	0	0	0	1	0	2	0	0	0	0	0	2	0	1	2
R78	K	1	2	0	0	3	3	5	3	0	2	1	0	0	0	0	0	0	0	0	2	6	1
R79	L	1	1	5	0	1	0	2	0	2	0	1	0	1	0	1	0	1	0	0	0	0	2
R80	I	1	12	14	5	4	0	3	3	4	4	10	17	6	4	0	3	0	0	4	1	1	5
R81	M	1	0	2	1	2	2	2	0	6	2	1	1	2	0	0	1	0	1	0	0	0	0
R82	F	1	12	23	19	107	109	129	26	27	37	26	37	20	0	2	0	10	17	11	26	25	24
R84	I	1	5	7	5	7	21	6	22	30	15	7	13	4	0	0	0	3	0	3	2	3	6
R85	I	1	10	1	9	54	40	57	22	26	28	11	12	3	0	2	0	0	6	1	9	9	10
R86	C	1	8	8	24	41	61	31	34	52	40	19	26	22	3	0	0	21	21	18	7	8	5
R88	C	1	120	113	141	680	768	638	135	205	222	82	110	114	4	8	6	183	196	232	177	224	232
R94	L	1	4	6	8	6	2	3	5	10	9	5	9	9	0	3	0	1	1	1	8	8	9
R96	H	1	9	3	9	31	37	36	10	10	10	4	6	12	3	6	2	13	11	5	2	3	1
R97	H	1	1	7	1	0	0	0	0	0	2	4	3	3	0	0	0	0	0	0	2	0	3
R08	F	3	16	11	14	17	26	34	56	69	59	63	84	84	1	0	0	22	11	29	17	12	10
R09	E	3	3	9	6	36	43	24	3	3	6	0	14	3	0	0	5	3	4	2	3	9	7
R10	F	3	383	422	329	4	5	2	7	2	3	20	24	27	0	0	0	3	4	3	50	45	48
R11	E	3	36	32	37	13	16	15	15	11	15	72	72	65	1	0	0	4	8	8	5	1	4
R12	J	3	0	6	0	0	2	1	3	1	1	4	4	0	0	0	1	0	5	1	0	5	8
R14	J	3	18	14	16	2	6	1	0	4	2	10	13	14	0	0	1	0	3	0	0	2	2
R17	B	3	4	3	1	3	1	1	0	3	0	2	1	2	0	0	0	0	1	0	0	1	1
R19	B	3	3	2	3	1	2	1	0	1	1	1	0	0	0	0	0	0	0	0	0	0	0
R24	K	3	16	17	23	67	78	82	58	68	85	7	5	3	0	0	1	20	17	18	41	53	50
R26	K	3	11	9	10	28	40	22	8	6	9	13	5	12	2	1	0	10	8	5	22	29	44
R37	D	3	2	3	9	4	18	14	2	5	7	1	2	0	2	1	0	0	1	4	4	8	6
R38	H	3	10	1	21	4	10	2	15	1	31	6	2	0	1	0	0	2	1	0	2	2	2
R40	C	3	0	0	0	0	0	0	0	0	0	0	0	0	0	0	0	0	0	0	0	0	0
R42	C	3	3	3	1	6	3	7	1	2	0	0	1	1	0	0	0	0	0	1	2	3	5
R498	A	3	5	4	2	1	0	3	2	1	0	1	1	0	0	0	0	0	0	0	1	0	1
R499	J	3	0	1	11	0	0	0	1	0	0	0	6	0	0	0	1	0	1	1	0	1	0
R500	J	3	27	27	21	64	57	51	23	26	30	45	52	61	0	0	0	20	10	21	7	22	19
R501	M	3	0	0	3	0	3	1	2	2	5	0	0	1	0	0	0	2	0	0	0	0	0
R502	B	3	1	12	6	2	14	6	2	12	3	5	0	2	1	0	6	4	0	2	10	15	4
R503	M	3	7	12	3	2	4	2	16	26	16	2	3	8	0	1	0	1	6	5	2	2	1
R504	L	3	36	44	48	4	6	4	18	22	26	6	10	7	0	1	0	22	2	5	58	39	66
R505	M	3	0	6	3	0	1	0	0	0	0	0	0	0	1	0	0	0	3	0	0	0	0
R506	H	3	6	4	8	4	2	0	1	2	2	4	2	1	0	0	0	4	3	1	5	9	7
R507	G	3	7	4	2	2	4	2	0	1	0	2	5	2	0	0	1	6	0	1	2	0	3
R508	D	3	5	4	6	13	15	15	10	13	9	34	34	23	2	0	0	13	23	24	1	7	5
R509	A	3	4	2	8	14	10	17	2	6	5	11	3	3	1	4	0	19	28	29	2	4	7
R56	E	3	0	0	4	6	13	12	1	1	5	0	2	3	1	1	0	1	8	3	4	5	6
R58	G	3	4	0	2	6	6	4	1	2	3	3	4	10	1	0	0	0	2	5	6	6	6
R59	G	3	35	82	59	30	32	42	13	3	8	12	24	11	3	0	4	0	0	1	8	19	7
R61	M	3	29	45	33	37	41	44	34	38	34	51	44	54	1	2	0	51	59	41	4	8	16
R62	M	3	6	10	10	15	17	20	6	10	8	51	50	49	0	0	0	1	0	1	3	5	4
R63	M	3	7	0	0	5	0	0	2	0	1	0	1	1	1	0	2	0	2	0	5	1	0
R64	D	3	31	32	25	146	187	156	114	172	117	9	14	14	1	1	0	344	353	323	16	7	12
R65	M	3	2	1	1	2	2	3	2	1	1	4	5	4	1	0	0	0	0	2	0	0	0
R67	I	3	0	0	0	0	1	0	3	2	5	0	0	2	0	0	0	5	4	5	2	0	1
R69	D	3	0	0	3	0	2	0	3	1	6	1	2	3	0	1	1	0	0	0	0	0	0
R70	G	3	8	4	0	1	5	2	3	8	0	0	4	1	0	1	0	0	1	1	0	0	1
R71	F	3	0	3	3	1	3	1	2	1	2	3	3	1	1	3	1	0	1	0	0	2	2
R72	B	3	2	2	1	2	3	3	4	8	5	0	0	0	0	0	0	9	10	9	1	0	0
R73	E	3	12	18	19	37	27	20	6	7	4	15	15	14	0	2	2	10	14	12	73	67	79
R74	K	3	11	17	0	4	10	5	7	5	15	6	6	6	0	2	0	129	171	155	3	3	1
R75	L	3	6	9	2	18	24	25	20	29	13	1	11	4	1	0	0	31	27	17	6	4	6
R76	A	3	0	0	2	2	0	3	0	0	1	1	1	1	0	0	0	1	0	0	0	0	0
R77	A	3	1	2	2	1	0	1	1	0	1	1	2	1	0	0	3	1	10	0	1	0	1
R78	K	3	3	7	5	12	8	12	5	14	15	1	1	3	1	0	0	17	0	0	12	16	17
R79	L	3	0	3	0	0	1	0	3	1	1	0	2	0	0	1	0	0	0	0	1	0	0
R80	I	3	0	0	0	0	0	0	6	4	1	0	0	0	2	0	1	0	0	0	0	0	0
R81	M	3	10	15	17	0	1	1	4	5	2	4	1	4	1	0	1	0	0	0	0	0	2
R82	F	3	10	10	7	46	61	56	13	14	13	32	38	40	0	0	0	11	7	7	13	19	23
R84	I	3	3	5	4	4	4	4	10	7	7	15	19	17	1	2	4	0	1	9	2	4	4
R85	I	3	2	2	6	6	12	3	3	4	12	10	18	11	0	0	1	2	1	1	2	4	1
R86	C	3	11	8	6	24	16	22	15	22	27	3	4	4	0	3	0	11	14	7	5	7	4
R88	C	3	21	24	19	244	274	286	20	13	21	18	13	8	4	1	1	30	41	47	59	53	45
R94	L	3	21	29	37	15	6	6	27	31	32	15	28	16	0	2	0	20	30	24	34	49	50
R96	H	3	11	8	10	3	14	4	4	15	5	1	3	4	7	1	1	34	37	39	4	3	1
R97	H	3	10	2	5	0	0	0	8	7	11	0	0	0	1	0	0	0	3	0	0	0	0
R08	F	5	10	7	12	4	11	11	23	23	28	45	41	40	0	0	2	11	14	13	2	5	2
R09	E	5	7	10	6	11	16	24	4	7	3	2	0	1	1	0	1	1	1	2	1	8	3
R10	F	5	258	273	282	5	2	3	2	3	4	18	9	16	0	2	1	4	2	2	40	47	26
R11	E	5	5	5	4	2	1	4	5	2	5	18	32	21	1	0	1	15	4	2	2	2	6
R12	J	5	0	2	3	1	0	3	1	0	0	2	6	1	1	1	2	1	0	1	0	3	1
R14	J	5	0	6	3	0	2	0	2	0	0	1	2	0	2	2	0	1	0	1	1	0	0
R17	B	5	1	2	4	0	0	1	0	0	1	0	0	2	0	0	0	0	2	1	0	0	0
R19	B	5	0	0	3	1	1	1	0	0	0	1	0	0	0	0	0	0	0	1	0	0	0
R24	K	5	7	17	8	31	42	30	40	46	40	5	1	11	0	0	0	8	15	7	19	24	31
R26	K	5	12	12	11	16	17	19	3	4	4	5	2	7	2	0	0	6	9	3	19	13	13
R37	D	5	5	6	4	18	11	15	4	5	4	0	1	1	1	0	1	1	3	1	0	0	0
R38	H	5	1	0	0	1	0	1	1	1	1	0	0	1	2	0	0	0	0	1	0	0	0
R40	C	5	27	32	33	4	4	1	5	10	8	116	116	83	1	0	0	3	1	4	3	2	6
R42	C	5	1	5	3	10	7	8	1	1	0	0	0	0	1	0	0	0	0	0	2	1	1
R498	A	5	3	3	4	4	12	0	2	1	0	1	2	3	0	0	0	0	1	0	1	0	1
R499	J	5	1	2	0	0	1	0	0	2	0	0	0	0	0	0	0	1	2	0	0	0	0
R500	J	5	11	39	11	20	18	16	9	5	6	0	0	0	0	0	0	5	4	8	0	0	0
R501	M	5	2	1	0	3	1	0	5	5	5	3	1	2	0	0	2	2	1	1	6	8	4
R502	B	5	0	4	3	3	1	1	2	1	1	0	4	3	5	0	4	0	0	0	1	0	0
R503	M	5	3	3	3	2	3	4	23	31	13	7	5	3	0	0	0	4	2	3	2	3	2
R504	L	5	29	42	29	7	3	10	7	13	12	6	2	7	0	0	0	1	3	3	30	25	30
R505	M	5	3	3	1	3	1	0	1	0	0	0	0	0	2	0	1	1	0	0	0	0	2
R506	H	5	8	1	1	3	1	1	0	0	1	2	2	0	0	0	0	6	1	11	24	2	0
R507	G	5	0	5	4	2	10	4	2	5	2	0	8	0	1	0	1	2	1	1	1	7	1
R508	D	5	4	5	6	10	11	15	6	7	4	27	19	22	2	6	2	13	28	22	3	0	0
R509	A	5	3	4	1	0	1	3	2	1	2	0	1	0	1	0	0	2	5	7	1	1	0
R56	E	5	6	2	2	9	15	19	6	3	9	1	1	0	0	0	0	4	4	3	7	6	8
R58	G	5	0	1	3	1	2	5	1	1	0	0	1	1	0	0	0	0	0	0	0	2	1
R59	G	5	49	34	12	28	17	8	3	3	7	8	15	2	0	0	1	2	0	0	0	0	0
R61	M	5	96	100	135	76	65	80	36	47	39	85	88	78	1	3	0	120	101	92	19	21	13
R62	M	5	21	27	32	37	32	45	9	16	14	122	150	104	0	0	0	0	2	0	3	0	2
R63	M	5	11	3	2	3	2	3	3	6	4	0	1	2	2	2	0	3	6	1	6	7	5
R64	D	5	24	19	18	85	121	181	89	110	112	4	10	5	3	0	1	184	248	231	5	4	3
R65	M	5	6	18	16	15	35	21	9	7	3	19	26	24	1	1	1	2	0	1	0	0	0
R67	I	5	2	2	0	1	1	1	4	7	9	1	1	2	0	0	0	1	2	0	1	2	3
R69	D	5	3	7	3	1	1	1	3	4	2	3	2	2	0	1	2	1	0	0	1	0	1
R70	G	5	0	0	0	3	2	2	0	1	0	0	0	0	1	0	0	0	0	0	1	1	7
R71	F	5	0	0	0	0	0	0	0	0	0	0	0	0	0	0	0	0	0	0	0	0	0
R72	B	5	1	0	0	0	0	1	1	2	0	0	0	0	0	0	0	4	2	5	0	0	0
R73	E	5	25	34	16	0	0	0	3	11	11	0	0	0	3	2	0	10	14	10	0	0	0
R74	K	5	2	13	9	2	4	3	2	5	8	2	4	8	0	1	0	72	73	65	1	3	2
R75	L	5	4	1	3	8	12	14	6	8	13	0	0	0	0	0	0	11	7	5	4	5	8
R76	A	5	0	7	0	2	0	0	0	1	0	1	1	0	0	0	0	0	0	0	0	0	4
R77	A	5	0	0	3	2	0	1	0	1	2	1	1	0	0	0	1	0	0	0	0	3	0
R78	K	5	41	35	25	7	8	14	15	21	12	3	4	1	2	2	0	2	0	0	26	35	43
R79	L	5	1	5	0	0	3	2	0	1	0	1	4	1	0	0	0	0	0	0	0	2	0
R80	I	5	1	1	1	4	5	0	4	2	3	10	10	7	0	0	1	0	0	1	0	0	0
R81	M	5	3	4	5	0	2	1	2	3	2	3	2	1	0	0	0	0	4	1	0	0	1
R82	F	5	15	17	12	119	122	98	30	35	37	112	111	109	1	0	0	18	17	16	37	29	28
R84	I	5	18	29	12	17	15	21	10	13	15	58	41	51	2	5	1	18	14	6	5	3	5
R85	I	5	0	3	4	7	6	5	6	6	9	11	6	7	0	0	2	7	9	0	0	1	2
R86	C	5	15	6	8	34	42	34	24	36	23	3	11	8	0	8	2	17	20	15	10	19	7
R88	C	5	20	9	12	157	170	177	9	13	14	11	9	10	4	1	3	20	30	27	30	30	31
R94	L	5	16	23	21	6	5	4	24	24	17	10	11	187	0	0	0	11	27	11	12	21	33
R96	H	5	13	6	3	11	6	1	4	4	5	0	0	0	0	0	0	9	18	31	0	0	0
R97	H	5	0	8	2	1	6	1	1	4	3	2	22	5	3	0	1	4	0	0	0	0	0
R14	J	9	12	23	5	4	6	3	7	19	2	10	31	36	1	6	1	1	4	0	4	8	7
R26	K	9	23	11	14	20	30	16	8	10	11	10	10	9	5	3	4	7	8	19	17	60	17
R500	J	9	15	18	22	13	25	8	5	27	35	14	11	21	4	4	3	12	5	5	10	11	10
R503	M	9	6	2	6	8	7	3	15	13	18	10	2	9	30	23	8	4	3	8	7	8	5
R504	L	9	13	14	12	1	7	3	21	12	11	11	5	6	1	4	5	1	2	0	21	22	13
R58	G	9	0	1	1	1	2	1	4	2	0	1	5	1	0	0	0	0	0	1	0	3	0
R59	G	9	13	4	7	7	23	10	8	11	6	7	1	19	7	9	8	8	13	3	44	9	6
R62	M	9	25	21	24	21	29	17	13	12	19	63	83	62	2	9	6	8	12	7	9	9	12
R74	K	9	9	15	3	3	2	2	11	16	7	12	7	7	0	0	1	36	28	28	5	3	1
R75	L	9	6	12	5	10	12	21	12	36	8	2	8	1	1	5	2	8	19	17	2	21	13
R80	I	9	6	3	2	6	8	11	17	17	17	22	29	31	8	8	0	3	7	1	5	2	4
R84	I	9	14	19	18	8	19	13	27	33	18	12	21	15	9	13	9	5	6	7	11	14	15
R96	H	9	1	3	1	1	1	3	8	78	7	2	7	6	55	17	6	6	8	14	12	6	8
R97	H	9	2	15	7	3	3	3	5	2	5	2	7	5	2	1	2	2	2	1	4	5	8
R14	J	13	18	26	13	20	13	3	13	65	4	17	60	24	7	12	1	6	24	2	7	21	6
R26	K	13	24	32	12	19	39	11	23	13	9	31	20	20	7	3	8	28	35	13	37	15	14
R500	J	13	10	6	19	7	27	14	8	19	10	7	19	16	1	0	5	5	4	5	14	5	5
R503	M	13	1	3	4	2	7	6	7	9	6	1	7	7	6	8	13	8	4	7	3	6	8
R504	L	13	14	28	16	3	7	4	18	16	4	6	11	5	5	33	7	3	11	6	10	24	14
R58	G	13	1	0	1	0	5	0	1	1	1	1	2	2	0	2	0	0	3	0	4	4	1
R59	G	13	25	27	17	38	63	7	30	24	14	30	20	16	2	18	4	36	29	36	46	42	25
R62	M	13	6	13	17	16	12	15	12	22	10	32	35	23	7	8	3	6	4	7	19	8	14
R74	K	13	10	19	7	5	9	1	16	7	4	5	14	11	3	0	0	36	65	28	9	11	2
R75	L	13	1	9	15	5	6	8	1	10	5	0	1	3	0	1	0	5	6	8	3	5	6
R80	I	13	16	17	17	36	21	40	32	41	20	33	46	33	22	33	19	23	17	18	29	25	21
R84	I	13	11	9	7	6	5	12	39	10	10	14	14	16	4	12	2	3	11	5	3	8	6
R96	H	13	0	1	2	1	2	1	13	2	4	9	3	0	1	1	2	2	8	0	4	3	4
R97	H	13	2	5	1	3	3	2	4	3	8	1	8	2	1	2	2	0	5	5	3	3	3
R14	J	17	1	5	2	1	0	1	1	3	0	8	20	8	3	6	1	1	3	2	2	2	3
R26	K	17	14	34	11	21	37	17	27	12	16	13	20	24	6	4	6	26	20	17	22	19	14
R500	J	17	1	1	1	3	3	0	2	0	0	6	1	0	2	1	1	4	0	1	2	2	2
R503	M	17	3	5	7	5	13	8	12	19	15	12	9	3	13	16	19	5	17	15	6	7	8
R504	L	17	17	57	8	7	6	7	19	25	8	7	19	1	31	8	9	8	10	1	27	28	17
R58	G	17	0	2	1	3	0	0	0	6	1	0	1	1	0	0	0	0	1	2	2	0	0
R59	G	17	2	0	1	1	3	0	0	1	3	1	3	0	0	1	0	2	3	3	2	3	2
R62	M	17	14	7	6	10	11	6	12	14	4	17	13	11	4	2	2	1	1	5	5	1	3
R74	K	17	6	5	2	4	0	1	8	6	6	6	10	7	0	2	1	20	41	24	4	2	2
R75	L	17	5	7	9	13	8	16	11	11	9	2	1	1	5	4	1	7	14	9	7	5	4
R80	I	17	0	0	0	0	0	0	5	6	0	0	0	0	1	0	0	0	1	0	0	0	0
R84	I	17	2	0	2	2	0	0	0	4	2	0	5	4	2	4	3	4	5	0	0	6	0
R96	H	17	5	6	2	5	4	0	3	3	6	3	3	5	8	14	34	5	18	2	1	1	3
R97	H	17	4	10	8	1	13	6	19	7	8	7	8	5	5	7	6	5	6	7	8	20	10
R08	F	21	10	8	12	12	8	10	28	22	25	18	23	13	5	3	7	16	5	11	5	13	12
R09	E	21	10	16	13	21	20	36	11	13	12	6	1	1	1	3	2	6	16	2	13	10	17
R10	F	21	110	73	78	5	1	4	5	4	2	5	4	5	1	4	2	4	6	5	14	16	29
R11	E	21	23	19	29	23	10	5	8	11	18	35	36	31	10	5	0	12	6	8	20	15	20
R12	J	21	2	0	3	2	5	7	2	0	1	2	4	4	3	4	2	3	2	0	5	2	4
R14	J	21	7	13	9	2	2	4	13	11	11	31	41	31	2	3	2	0	2	0	9	5	6
R17	B	21	6	5	6	6	1	4	5	2	2	1	4	1	6	1	0	1	7	1	3	5	1
R19	B	21	3	0	2	1	2	1	2	2	1	2	0	1	0	0	0	1	1	1	1	2	2
R24	K	21	7	6	5	31	20	21	12	10	19	4	1	4	2	2	0	4	1	3	13	10	7
R26	K	21	19	5	11	20	18	12	5	9	12	14	15	22	10	5	8	10	6	11	17	17	13
R37	D	21	7	6	5	8	9	7	7	2	4	3	4	3	1	2	0	1	1	1	9	6	9
R38	H	21	2	5	8	6	6	5	11	7	4	2	7	5	6	7	11	10	6	6	5	7	11
R40	C	21	138	116	154	196	281	204	193	177	197	274	176	128	263	231	340	216	149	141	213	157	174
R42	C	21	4	1	12	4	4	8	2	4	4	2	1	3	1	2	2	0	5	0	9	5	1
R498	A	21	17	20	15	19	16	19	36	23	28	24	35	18	8	11	9	46	32	15	24	9	28
R499	J	21	3	1	3	0	0	0	4	4	0	4	6	6	0	0	0	1	2	4	1	5	5
R500	J	21	9	18	16	9	15	13	9	7	8	21	22	13	4	2	2	6	2	3	5	13	12
R501	M	21	2	1	3	3	0	4	3	2	4	0	5	3	1	0	3	2	3	0	1	2	8
R503	M	21	5	5	4	7	5	7	14	8	20	10	13	13	1	3	2	8	11	10	10	9	13
R504	L	21	23	21	17	10	6	5	12	8	11	10	9	13	8	7	2	6	9	8	12	14	24
R505	M	21	0	4	7	2	1	3	1	5	5	2	7	4	0	2	2	1	3	7	1	4	6
R506	H	21	2	8	2	4	6	2	5	2	3	4	3	1	2	0	1	0	0	0	3	6	4
R507	G	21	5	21	6	19	9	21	13	11	34	17	21	44	7	8	9	13	8	26	15	14	37
R508	D	21	10	19	40	29	17	34	35	43	28	26	45	47	22	15	15	28	31	35	26	41	31
R509	A	21	6	6	11	9	2	10	9	24	9	6	24	13	2	1	3	20	23	22	14	10	14
R56	E	21	10	5	7	13	11	16	8	10	4	9	2	8	2	1	5	4	7	5	15	8	15
R58	G	21	1	1	1	1	3	1	0	2	3	3	1	3	0	1	1	1	0	1	2	1	0
R59	G	21	4	5	3	5	2	0	5	2	1	3	8	5	4	2	2	2	2	1	4	2	3
R61	M	21	13	6	10	18	10	20	12	5	21	21	20	17	6	7	8	9	17	6	41	24	32
R62	M	21	17	15	8	20	15	16	16	14	8	19	31	32	8	6	6	7	5	3	4	16	11
R63	M	21	7	12	5	11	1	7	11	11	5	13	9	7	10	4	6	7	6	5	13	13	18
R64	D	21	14	12	18	18	19	22	7	23	21	6	13	9	2	0	5	70	61	60	6	4	5
R65	M	21	3	6	4	9	8	4	2	1	4	7	9	9	2	0	1	0	0	0	2	0	0
R67	I	21	1	6	5	2	6	6	2	2	4	0	4	1	2	1	0	2	3	2	2	1	5
R69	D	21	14	9	3	3	5	3	3	5	6	4	3	5	1	1	5	5	6	5	4	5	9
R70	G	21	0	0	0	2	0	4	1	1	1	2	1	1	0	1	3	3	2	2	2	0	5
R71	F	21	7	1	3	5	3	1	4	4	2	5	2	2	1	4	0	1	0	1	3	7	1
R72	B	21	3	0	1	0	3	1	0	4	2	0	1	4	0	0	4	4	1	2	1	3	1
R73	E	21	13	5	12	14	10	9	3	5	4	8	3	5	2	4	3	6	8	5	13	23	25
R74	K	21	19	5	10	8	6	4	9	3	11	11	11	12	1	1	3	38	57	30	7	3	6
R75	L	21	2	5	3	9	8	11	11	9	12	1	7	2	5	3	3	6	3	4	7	5	9
R76	A	21	0	1	1	2	2	0	2	4	3	0	0	2	2	2	2	0	0	0	1	1	3
R77	A	21	4	5	1	5	1	9	8	6	0	5	5	3	2	4	3	1	1	2	7	5	1
R78	K	21	1	2	0	3	4	1	4	1	2	1	7	4	2	6	4	1	3	1	2	3	2
R79	L	21	8	4	5	10	3	6	9	6	9	6	5	9	7	3	4	8	1	2	1	5	3
R80	I	21	5	5	7	11	11	8	13	11	12	13	11	4	9	3	6	10	3	3	11	6	3
R81	M	21	2	8	4	0	5	5	3	4	10	2	8	6	3	0	3	1	2	2	5	4	6
R82	F	21	20	29	13	74	78	58	16	42	37	50	71	56	9	8	8	16	9	13	16	48	28
R84	I	21	9	13	5	11	6	4	10	13	8	6	6	6	10	2	3	2	5	4	6	3	3
R85	I	21	1	3	1	5	6	12	7	4	4	19	5	38	0	3	2	1	2	0	2	12	4
R86	C	21	18	24	31	16	31	6	26	45	25	6	19	14	14	4	11	12	23	28	10	10	25
R88	C	21	23	21	18	77	70	54	15	20	18	18	15	25	11	10	22	39	14	14	24	23	38
R94	L	21																					
R96	H	21	3	1	4	1	3	5	3	1	3	3	0	3	1	0	4	3	4	4	0	1	1
R97	H	21	5	7	3	2	2	6	5	4	15	8	16	14	2	1	6	4	1	5	11	4	6
R08	F	25	53	76	70	60	78	70	186	231	209	184	192	222	4	1	2	64	68	53	14	22	25
R09	E	25	70	99	83	438	395	416	55	41	58	15	15	10	2	3	9	40	46	35	37	62	60
R10	F	25	1067	1101	1127	26	28	22	31	32	20	207	204	237	7	4	7	17	28	36	441	486	458
R11	E	25	226	253	227	80	62	101	103	93	110	384	369	379	9	6	5	93	90	74	55	55	53
R12	J	25	83	105	89	251	227	224	120	114	124	401	423	411	4	5	8	58	46	53	201	243	226
R14	J	25	364	367	400	58	68	70	62	62	81	374	466	427	6	4	11	22	50	39	38	44	38
R17	B	25	177	161	163	75	63	52	4	5	8	38	48	39	6	4	4	15	10	6	6	9	14
R19	B	25	27	44	22	35	46	43	42	52	57	4	7	6	0	2	1	71	81	80	62	53	58
R24	K	25	13	33	29	92	107	107	113	118	108	12	5	4	0	1	4	18	11	24	77	87	91
R26	K	25	103	224	166	279	336	288	92	131	128	256	329	339	10	7	8	150	190	231	263	232	312
R37	D	25	8	10	7	11	13	9	8	3	5	6	12	12	7	9	6	10	5	5	16	9	15
R38	H	25	59	82	58	105	91	96	62	89	123	114	116	141	4	15	8	14	15	24	51	70	77
R40	C	25	156	192	150	193	227	214	156	168	204	266	240	272	170	223	203	96	123	157	177	178	222
R42	C	25	51	36	33	55	73	82	3	10	3	3	9	6	0	4	2	7	5	5	17	26	21
R498	A	25	24	44	26	20	29	21	22	10	16	7	14	19	5	2	5	10	11	13	11	19	17
R499	J	25	15	24	33	4	5	6	23	27	27	46	42	35	1	3	1	42	36	35	13	10	23
R500	J	25	373	360	365	360	361	395	168	200	246	316	325	292	1	5	19	124	119	179	105	152	178
R501	M	25	47	46	56	30	43	39	72	88	98	25	44	48	5	1	3	24	17	46	121	135	187
R503	M	25	38	68	46	42	45	38	71	66	84	43	37	48	3	4	3	49	42	36	37	36	35
R504	L	25	51	60	72	11	33	42	23	42	49	17	16	22	0	8	3	19	14	21	72	102	115
R505	M	25	29	59	34	60	121	60	10	16	10	36	60	84	2	3	10	15	32	24	95	74	98
R506	H	25	302	329	348	123	113	130	92	89	94	9	27	24	6	9	6	148	148	119	58	87	134
R507	G	25	108	130	103	109	102	99	50	89	71	76	114	98	15	16	13	65	89	41	141	75	126
R508	D	25	28	31	28	62	72	106	54	56	86	241	278	257	2	5	10	113	132	143	17	15	14
R509	A	25	138	166	164	326	300	280	130	143	147	123	107	116	13	16	17	259	322	284	246	200	254
R56	E	25	62	51	58	203	280	248	82	74	68	28	48	22	4	11	6	61	73	66	189	196	185
R58	G	25	35	48	43	122	163	162	24	28	36	74	83	76	2	3	1	89	118	111	59	68	57
R59	G	25	62	91	107	28	70	25	17	27	29	41	45	32	4	1	1	8	7	5	11	14	14
R61	M	25	19	21	21	18	37	24	17	14	19	27	17	20	6	9	13	31	26	28	47	56	66
R62	M	25	120	148	131	219	213	199	108	107	115	247	284	301	1	5	6	6	6	6	13	16	16
R63	M	25	32	62	85	38	57	67	46	43	44	62	100	80	2	3	3	28	33	25	104	115	94
R64	D	25	457	451	436	1058	1075	1128	705	747	725	59	80	137	4	6	8	1029	1170	1167	81	67	104
R65	M	25	56	29	37	72	67	73	23	34	30	83	106	113	2	1	2	7	4	8	8	6	9
R67	I	25	36	34	50	30	41	49	34	33	50	13	20	15	1	2	2	49	41	40	12	28	22
R69	D	25	152	237	183	62	59	47	52	79	150	54	59	102	2	1	2	37	43	66	43	35	59
R70	G	25	18	15	13	50	63	37	24	25	34	9	15	13	4	7	2	24	9	13	13	12	15
R71	F	25	890	1118	1452	1532	1597	1246	437	774	660	368	950	626	310	627	962	790	1010	1465	470	780	609
R72	B	25	8	8	8	57	36	65	68	55	59	2	2	5	0	0	2	67	62	79	18	23	19
R73	E	25	50	56	57	100	103	99	23	34	40	106	148	148	4	4	8	29	48	52	174	200	242
R74	K	25	64	68	55	32	24	24	24	44	33	47	61	52	2	3	3	369	432	436	10	13	8
R75	L	25	51	52	43	137	146	124	104	120	117	4	12	8	7	1	2	170	162	170	26	52	45
R76	A	25	64	46	78	63	79	76	85	76	72	3	9	5	0	0	0	3	0	2	106	114	87
R77	A	25	292	404	335	349	367	333	472	465	316	393	433	369	431	395	379	306	352	356	439	423	457
R78	K	25	18	24	22	8	10	20	22	44	43	48	35	48	2	0	4	5	6	10	10	14	11
R79	L	25	8	15	4	10	8	8	14	13	30	18	6	21	4	5	6	7	4	4	6	7	6
R80	I	25	30	26	20	54	42	53	49	57	47	189	206	172	1	1	3	9	7	7	11	12	20
R81	M	25	112	167	146	39	64	59	110	100	112	76	49	72	5	6	0	14	18	7	23	18	41
R82	F	25	70	55	51	128	127	159	41	57	53	137	175	185	10	12	4	23	27	27	49	40	33
R84	I	25	102	122	99	76	85	95	44	45	51	220	281	270	3	10	3	41	39	59	35	27	35
R85	I	25	11	13	10	28	21	19	22	22	17	20	22	32	1	0	3	2	9	5	9	7	7
R86	C	25	56	81	50	372	359	380	193	216	138	85	72	102	8	8	7	214	266	236	114	108	107
R88	C	25	82	93	119	298	304	336	50	79	43	46	52	31	18	22	20	80	74	65	162	149	207
R94	L	25																					
R96	H	25	72	83	69	42	55	44	43	37	63	15	29	23	5	11	8	145	165	134	21	19	43
R97	H	25	73	88	91	107	121	98	175	181	181	326	341	428	7	4	8	53	50	52	66	78	87
R08	F	27	31	35	40	51	59	49	152	147	124	159	158	156	1	7	3	32	27	30	9	8	13
R09	E	27	60	80	80	326	353	371	46	35	38	23	23	25	2	2	5	61	80	36	61	56	41
R10	F	27	760	790	777	27	32	17	36	15	18	164	187	193	3	4	8	19	28	23	349	390	396
R11	E	27	71	80	65	40	24	48	28	40	19	163	133	176	9	5	6	17	29	34	25	37	29
R12	J	27	37	18	24	47	65	56	30	41	26	41	52	75	4	4	3	15	13	10	70	44	51
R14	J	27	145	141	161	34	26	36	44	44	39	259	300	247	9	8	5	17	22	21	16	14	20
R17	B	27	51	50	56	13	23	16	6	9	7	22	24	30	2	4	3	3	2	5	4	6	2
R19	B	27	11	9	6	20	17	24	14	20	18	6	3	4	3	5	0	15	24	8	16	23	20
R24	K	27	17	9	19	76	70	70	78	82	85	3	4	8	2	3	3	19	17	17	53	77	54
R26	K	27	69	99	57	151	125	147	75	62	44	138	130	141	6	6	11	100	69	69	153	167	164
R37	D	27	10	5	4	9	12	7	4	5	4	5	4	1	1	2	8	4	2	4	4	3	7
R38	H	27	10	15	8	44	28	29	38	29	32	59	59	67	1	3	5	5	3	4	13	14	8
R40	C	27	128	206	224	161	409	350	146	202	272	159	180	175	119	200	325	151	161	221	173	161	171
R42	C	27	26	22	24	52	46	64	4	11	12	7	3	7	0	2	2	11	7	3	8	21	20
R498	A	27	27	34	45	31	32	29	47	52	25	31	38	33	10	15	14	33	23	19	44	47	28
R499	J	27	8	10	12	3	4	1	16	18	22	39	24	34	2	1	3	14	10	30	15	15	13
R500	J	27	168	147	107	174	154	171	50	52	65	162	184	172	6	3	3	51	42	45	36	46	38
R501	M	27	18	18	17	24	15	8	55	52	73	17	31	14	0	1	0	11	11	12	89	84	67
R503	M	27	42	31	59	40	39	35	102	108	102	101	50	58	3	9	5	67	52	61	75	83	58
R504	L	27	181	192	183	49	82	44	61	95	96	48	68	49	5	9	4	39	43	72	274	354	346
R505	M	27	22	14	12	17	17	14	39	67	42	91	138	81	3	5	1	13	9	6	28	18	7
R506	H	27	48	36	41	17	14	15	19	8	11	11	22	12	2	3	1	24	20	17	29	27	21
R507	G	27	262	265	372	286	293	282	229	328	295	282	467	389	160	118	76	292	309	371	344	334	338
R508	D	27	48	44	58	156	118	120	148	140	123	379	418	441	10	13	27	171	198	189	32	67	68
R509	A	27	75	69	98	90	133	80	61	73	73	88	63	87	17	9	13	192	225	151	87	133	103
R56	E	27	59	56	31	245	257	221	59	73	51	26	21	32	8	7	5	67	43	61	132	171	139
R58	G	27	12	10	8	32	27	32	12	9	13	11	13	14	0	1	0	21	18	15	22	14	16
R59	G	27	61	68	49	19	25	19	10	9	10	75	59	51	3	2	2	4	3	2	4	8	11
R61	M	27	4	5	7	10	7	13	10	9	6	12	3	5	2	3	5	10	6	9	21	32	17
R62	M	27	55	53	50	105	148	106	29	43	46	168	227	206	7	2	7	4	12	7	10	14	8
R63	M	27	38	34	41	22	22	30	29	29	28	40	22	36	8	2	1	19	27	18	64	61	58
R64	D	27	421	470	431	795	731	696	498	594	555	79	96	76	2	3	1	951	919	899	59	84	77
R65	M	27	25	25	13	25	30	22	9	17	12	49	42	36	2	0	1	0	2	2	1	5	2
R67	I	27	24	16	22	23	16	10	37	26	30	13	5	8	5	5	2	57	67	77	14	10	13
R69	D	27	55	62	46	18	34	9	22	41	37	40	49	39	2	3	4	16	21	22	9	10	11
R70	G	27	8	13	8	43	57	43	24	20	15	5	5	3	0	2	0	12	15	14	9	8	10
R71	F	27	9	10	13	5	24	14	8	12	13	15	14	9	1	3	11	14	17	25	4	8	15
R72	B	27	4	7	2	33	32	27	47	56	49	1	0	2	1	1	1	44	47	41	11	6	8
R73	E	27	58	82	55	86	118	102	22	27	33	76	115	70	4	2	11	75	71	76	189	259	212
R74	K	27	25	30	44	15	18	22	25	33	24	22	23	32	1	1	4	358	349	360	13	14	2
R75	L	27	41	31	57	120	109	96	71	87	65	20	9	14	3	8	3	88	74	79	28	35	12
R76	A	27	29	30	16	67	46	57	30	33	17	4	6	2	1	1	1	1	1	0	52	69	47
R77	A	27	21	16	30	15	20	17	30	24	13	21	14	18	14	5	9	12	10	12	24	41	35
R78	K	27	17	22	17	16	18	15	27	15	19	42	36	35	2	2	3	9	10	10	10	9	5
R79	L	27	11	11	8	12	7	19	10	10	12	21	18	16	4	6	5	9	4	14	28	10	13
R80	I	27	11	20	13	62	85	73	38	74	56	244	218	261	4	4	13	16	9	16	7	16	11
R81	M	27	53	77	62	15	16	34	55	57	58	41	59	61	2	7	2	11	13	6	24	21	17
R82	F	27	42	39	41	231	189	225	47	74	61	196	220	208	6	6	7	18	19	53	63	71	26
R84	I	27	120	153	135	207	173	199	58	34	45	387	361	393	7	8	8	76	88	76	39	43	42
R85	I	27	12	18	13	31	23	25	22	18	25	41	67	64	8	0	0	4	4	8	12	6	5
R86	C	27	103	63	42	335	351	299	185	206	190	66	59	41	5	8	13	269	209	199	174	155	129
R88	C	27	52	52	43	181	179	178	23	55	34	29	39	25	11	21	33	46	77	40	87	105	86
R94	L	27																					
R96	H	27	24	15	29	26	26	30	25	27	28	11	16	10	1	1	7	78	85	87	16	19	19
R97	H	27	36	37	32	41	46	35	52	76	62	134	142	154	10	7	8	21	26	18	37	28	45
R08	F	29	32	32	38	42	48	65	119	117	129	119	108	108	9	4	2	45	28	20	12	12	15
R09	E	29	47	45	40	271	292	261	21	25	38	19	8	10	1	7	5	46	33	26	40	36	35
R10	F	29	576	593	544	17	11	17	23	28	15	118	105	100	2	3	5	14	2	18	256	246	277
R11	E	29	62	46	49	32	29	53	21	33	10	136	145	126	2	2	4	12	15	18	13	17	23
R12	J	29	9	11	14	24	25	35	8	10	12	15	25	24	3	5	4	11	4	6	11	20	30
R14	J	29	99	96	105	12	17	22	38	35	29	153	157	161	4	1	9	7	15	11	18	12	15
R17	B	29	35	18	29	9	11	16	7	2	3	13	8	16	1	6	3	7	10	4	9	3	8
R19	B	29	15	7	6	8	9	16	21	18	19	2	1	4	1	2	0	15	12	13	13	13	11
R24	K	29	14	8	11	40	55	38	68	63	47	1	1	3	2	1	2	3	3	8	16	12	21
R26	K	29	124	98	100	176	152	199	84	106	60	174	185	167	7	15	3	100	103	90	184	192	162
R37	D	29	6	8	2	8	2	12	1	15	5	3	3	4	2	2	4	3	1	7	5	8	2
R38	H	29	7	5	11	15	12	9	10	4	15	23	18	12	1	1	3	1	2	2	7	9	8
R40	C	29	329	413	439	239	231	549	230	322	563	318	417	507	362	277	309	202	462	520	361	397	560
R42	C	29	9	8	8	26	52	33	1	1	2	4	6	6	2	4	1	1	0	3	12	16	6
R498	A	29	8	8	3	4	12	4	5	7	5	6	1	3	1	4	3	6	5	5	5	8	9
R499	J	29	6	6	8	5	1	0	19	49	39	14	9	12	0	3	1	9	13	10	9	5	2
R500	J	29	59	42	57	76	94	90	23	27	28	68	89	69	1	1	4	20	15	29	22	25	16
R501	M	29	3	12	4	10	9	13	24	25	43	2	8	9	3	1	0	9	5	4	31	34	46
R503	M	29	18	15	16	14	8	22	45	48	38	30	21	41	3	4	4	27	29	31	33	48	38
R504	L	29	94	105	86	14	32	19	55	49	44	32	39	38	6	0	1	22	23	20	184	199	185
R505	M	29	11	8	4	6	9	3	21	27	20	32	36	44	1	3	1	5	1	2	5	10	7
R506	H	29	29	43	30	14	8	6	1	8	6	3	2	4	0	0	3	15	10	8	12	14	3
R507	G	29	37	19	36	26	43	35	102	18	8	83	50	8	6	5	8	58	53	13	32	36	45
R508	D	29	30	30	27	91	68	58	70	90	48	260	273	287	6	5	3	121	85	116	22	16	21
R509	A	29	54	50	64	63	114	63	33	55	46	44	43	22	13	12	10	129	153	95	93	92	58
R56	E	29	16	16	21	119	94	98	26	39	42	5	10	7	3	5	1	20	29	26	72	63	42
R58	G	29	3	16	7	23	29	38	5	10	10	4	7	12	2	0	0	13	17	15	17	18	14
R59	G	29	71	72	73	20	16	32	7	8	16	58	82	72	6	3	2	5	4	10	5	7	6
R61	M	29	5	4	6	15	7	19	9	15	1	6	9	6	1	3	5	5	7	1	13	21	10
R62	M	29	58	59	56	113	96	98	55	27	52	192	228	213	6	5	6	9	8	8	10	9	10
R63	M	29	31	27	38	23	15	26	23	29	21	19	35	37	3	5	11	21	23	26	62	50	48
R64	D	29	335	380	337	358	358	349	301	330	325	79	82	51	1	1	5	592	612	603	56	70	46
R65	M	29	17	19	20	13	17	14	9	15	7	50	40	38	0	0	0	2	1	1	1	2	2
R67	I	29	12	11	7	8	8	8	9	14	9	4	6	5	2	0	1	12	18	9	7	5	4
R69	D	29	14	23	29	4	3	5	9	14	24	14	18	22	2	1	2	9	7	12	13	10	10
R70	G	29	2	2	3	19	15	18	6	5	8	2	3	4	4	3	0	5	5	5	4	7	6
R71	F	29	5	17	5	11	10	7	7	1	4	8	1	14	11	7	6	11	9	18	7	6	8
R72	B	29	6	1	5	2	10	8	16	10	12	1	4	1	0	1	1	9	15	10	2	3	3
R73	E	29	30	47	30	82	105	81	21	36	29	80	88	86	2	4	2	49	49	35	149	203	173
R74	K	29	32	23	29	11	23	24	29	23	36	19	18	28	2	4	3	298	318	324	9	11	10
R75	L	29	26	12	24	38	53	46	38	43	48	7	1	4	1	3	4	34	39	42	10	15	26
R76	A	29	19	24	14	35	30	29	15	19	19	3	1	1	1	0	1	2	0	0	32	22	35
R77	A	29	338	174	369	212	257	469	230	228	529	238	176	329	335	188	570	194	145	395	251	300	613
R78	K	29	7	8	9	10	1	13	8	7	23	14	15	9	1	3	2	3	5	10	2	4	8
R79	L	29	12	1	3	2	10	18	9	12	9	23	12	10	4	3	8	7	7	2	8	9	8
R80	I	29	5	10	10	33	27	35	45	33	38	248	220	225	4	2	7	7	6	6	4	3	12
R81	M	29	16	10	5	6	3	2	12	14	8	9	16	6	2	3	2	5	2	3	9	2	4
R82	F	29	78	72	66	345	331	269	149	113	92	395	409	412	5	5	6	49	16	32	133	101	78
R84	I	29	51	45	50	46	58	68	16	6	21	119	157	120	1	6	9	25	26	16	14	19	14
R85	I	29	5	1	5	14	20	24	22	70	17	51	45	57	2	7	3	0	15	3	7	2	12
R86	C	29	21	28	13	141	103	144	63	79	78	25	12	6	5	4	8	54	64	65	57	49	27
R88	C	29	16	26	24	83	92	98	19	30	27	20	25	16	14	11	19	13	33	24	51	54	57
R94	L	29																					
R96	H	29	15	10	9	11	11	24	8	13	9	8	2	11	0	3	4	49	24	36	4	6	6
R97	H	29	35	39	33	18	25	26	37	48	55	83	67	90	2	5	3	12	13	19	35	23	30
R14	J	34	32	66	41	7	11	4	18	23	5	90	157	96	8	19	1	8	21	3	18	8	13
R26	K	34	40	67	39	45	69	55	25	25	42	51	120	76	2	4	5	61	30	32	103	113	112
R500	J	34	73	127	97	102	80	81	37	77	61	131	120	159	6	1	4	29	27	32	27	36	23
R503	M	34	25	31	27	22	29	17	32	49	39	17	26	20	12	26	57	24	39	20	20	24	18
R504	L	34	15	34	27	2	5	10	20	18	16	4	10	5	4	9	1	4	2	5	32	79	53
R58	G	34	9	11	13	16	16	15	15	18	10	9	9	6	0	3	1	10	17	17	15	22	18
R59	G	34	26	46	43	27	41	9	10	16	16	26	19	29	4	1	5	7	8	5	7	21	11
R62	M	34	18	38	50	47	45	61	27	26	13	75	67	75	1	5	2	5	7	5	10	9	5
R74	K	34	37	37	40	20	18	22	26	49	19	90	95	73	3	2	9	409	445	332	47	42	13
R75	L	34	5	7	3	26	25	25	33	26	20	8	4	0	1	0	1	56	39	19	7	13	5
R80	I	34	5	6	5	10	16	49	14	32	14	67	96	104	1	0	0	1	1	4	3	5	2
R84	I	34	37	40	33	57	61	140	30	21	19	111	158	110	49	17	9	17	23	16	18	18	30
R96	H	34	4	6	4	2	1	5	1	5	3	0	1	1	3	0	2	13	7	12	0	2	3
R97	H	34	6	10	10	20	20	22	34	35	33	55	50	43	1	6	4	9	15	6	14	25	13
R14	J	38	21	24	12	22	6	6	11	14	9	12	13	10	17	16	5	9	11	4	22	19	5
R26	K	38	26	71	40	64	87	69	52	180	26	81	76	37	3	6	3	29	92	24	97	154	72
R500	J	38	27	34	28	49	72	69	43	48	31	78	44	64	3	2	5	22	22	28	18	27	17
R503	M	38	6	5	0	8	6	9	2	13	14	5	10	16	5	1	5	7	6	15	6	6	14
R504	L	38	10	13	9	5	2	4	5	6	7	0	0	0	0	1	1	2	1	1	18	34	24
R58	G	38	4	1	4	10	5	11	4	11	2	2	2	2	0	2	0	3	10	9	8	5	9
R59	G	38	22	59	110	9	59	48	45	25	74	44	87	51	23	65	29	22	29	84	57	65	49
R62	M	38	0	2	1	0	0	0	0	3	1	2	3	2	0	2	0	1	0	0	3	4	0
R74	K	38	17	21	8	15	9	6	20	20	19	32	37	17	0	3	1	243	233	158	4	7	9
R75	L	38	5	6	5	10	6	20	6	12	8	2	3	5	0	4	8	6	11	18	6	7	11
R80	I	38	13	8	17	15	13	10	17	29	12	61	87	100	0	4	3	22	3	5	4	9	17
R84	I	38	9	12	6	31	25	17	9	13	12	69	76	60	1	8	11	6	8	4	16	15	7
R96	H	38	12	20	8	8	11	6	20	29	26	14	12	13	5	4	8	16	37	27	8	7	12
R97	H	38	7	32	5	12	14	16	42	32	32	35	36	23	1	8	5	4	17	5	20	23	17
R14	J	42	33	16	19	8	5	2	15	12	9	13	24	14	8	5	4	6	9	1	9	11	4
R26	K	42	26	19	4	12	52	19	10	46	10	14	34	23	1	10	0	8	20	5	42	38	14
R500	J	42	27	79	64	67	78	66	42	47	22	52	57	64	7	3	6	19	15	35	18	14	27
R503	M	42	9	15	21	16	31	8	25	39	29	11	17	20	5	0	9	6	31	16	12	30	20
R504	L	42	10	41	21	2	6	4	7	17	9	0	0	0	1	0	5	7	10	5	60	82	67
R58	G	42	6	4	8	19	7	6	10	6	10	6	4	6	1	0	0	5	5	5	11	7	6
R59	G	42	80	72	63	53	40	49	51	52	19	68	113	73	33	144	56	110	56	165	102	92	114
R62	M	42	30	26	26	30	27	42	17	36	32	61	69	47	11	9	2	4	7	2	3	5	17
R74	K	42	4	13	5	3	5	8	10	10	26	16	6	8	1	2	4	98	106	81	5	11	3
R75	L	42	6	5	4	7	15	18	8	25	18	0	0	4	5	1	2	29	21	32	2	4	4
R80	I	42	10	17	12	18	7	15	47	42	32	115	70	145	4	11	24	9	33	22	11	14	25
R84	I	42	20	32	16	39	52	39	11	32	39	70	142	71	11	24	18	15	28	36	9	21	14
R96	H	42	3	12	8	3	9	3	10	10	8	5	4	10	3	1	1	12	24	22	6	5	10
R97	H	42	7	23	19	9	17	17	19	27	6	22	45	38	17	7	1	12	12	6	8	25	12
R14	J	48	10	13	6	10	3	6	15	12	7	13	19	16	2	8	4	2	8	2	5	4	3
R26	K	48	25	35	16	44	38	20	29	50	25	26	18	32	10	14	5	32	34	10	23	68	35
R500	J	48	24	49	36	44	55	72	16	23	16	61	44	59	2	6	3	6	15	33	14	13	16
R503	M	48	9	21	30	10	27	11	12	34	37	14	22	24	2	10	8	18	32	21	13	23	36
R504	L	48	17	42	28	4	3	3	10	16	10	0	0	0	4	5	4	4	7	2	47	52	45
R58	G	48	7	4	2	8	10	8	5	5	8	4	4	3	1	1	2	2	8	4	10	6	2
R59	G	48	79	57	54	104	34	51	29	51	20	51	47	54	34	45	39	89	53	25	32	84	33
R62	M	48	14	7	10	7	12	10	10	17	11	31	55	46	2	2	5	3	3	3	3	4	3
R74	K	48	22	13	12	9	3	12	22	6	11	12	9	18	4	0	1	197	160	159	7	4	3
R75	L	48	2	6	5	9	7	12	10	20	22	2	6	2	0	1	0	21	33	35	3	9	2
R80	I	48	5	19	18	15	16	10	15	32	234	127	136	114	15	14	37	6	19	6	8	26	174
R84	I	48	19	9	10	51	24	28	10	19	21	62	82	35	7	10	10	8	8	17	11	13	6
R96	H	48	6	7	4	1	8	2	12	12	26	2	5	1	7	3	3	15	17	19	9	8	59
R97	H	48	5	5	1	5	6	5	7	9	14	24	10	17	5	4	9	10	6	2	3	6	5
R14	J	50	6	27	4	4	9	5	18	10	8	13	12	27	3	5	8	4	12	7	11	9	16
R26	K	50	7	8	4	16	12	4	18	17	4	14	7	6	3	8	2	5	10	7	14	14	13
R500	J	50	15	21	18	29	34	53	14	17	12	18	30	26	2	1	3	14	22	13	6	15	11
R503	M	50	9	3	9	10	6	5	21	23	29	19	6	16	1	3	1	2	3	3	0	9	12
R504	L	50	13	19	10	6	5	3	5	18	6	0	0	0	1	2	4	2	1	4	24	35	27
R58	G	50	6	1	3	6	2	5	7	1	11	4	2	0	0	0	0	2	4	5	7	1	3
R59	G	50	28	40	15	14	28	20	8	26	8	53	15	14	12	25	4	43	44	14	31	21	11
R62	M	50	5	5	2	4	5	2	5	7	1	13	23	26	3	1	2	0	2	2	2	2	4
R74	K	50	42	23	39	3	5	2	2	4	1	34	11	11	3	4	1	26	40	39	17	14	9
R75	L	50	3	3	4	15	14	6	19	13	12	1	2	3	1	1	1	11	22	14	3	7	4
R80	I	50	7	10	9	22	19	17	6	12	20	66	91	87	3	2	8	7	4	0	6	13	18
R84	I	50	15	8	12	38	25	19	3	8	15	48	71	50	2	5	6	4	4	5	4	9	3
R96	H	50	5	19	7	10	16	10	22	15	11	2	22	6	8	5	7	16	29	22	15	20	12
R97	H	50	8	13	9	25	14	12	28	31	45	31	36	27	123	7	7	8	4	5	23	28	21
